FULL_NAME,INVALID_PASSWORD,PASSWORD_NUMBER,DIFERENT_PASSWORD
Chris,password123,9733824240,hC08VB*7
Delly,password123,3468134312,pO7&A!8K\)zUD#i
Travers,password123,0890995222,"zN0@""9YE\68"
Maurie,password123,2153367263,lD2{'MK/iz
Craggie,password123,9755578218,kW4`\gR7Ty@%j%C
Melony,password123,3715956720,"rY6(TABj""S"
Elli,password123,7059196781,vM2~sCkqcM'8N)a
Eugene,password123,5802128569,sP9=5A*pi(j2)m
Meryl,password123,8641136495,iH2%BoO?<%
Lilyan,password123,2201296219,"jR5#M?&wu9KgI,."
Darwin,password123,1120261171,fM4'vhsRnBUnz.bG
Pippy,password123,2929661887,yT2>enJEwvx5Df
Zorina,password123,5562597977,"nU9>R5K""9Qr57k"
Harris,password123,9122709363,uO6?neMBp<FRvuFj
Ingeborg,password123,6533804960,iK1(#EEZvQ
Denis,password123,7692739463,zD9}Qjk!x
Toni,password123,5273776155,"oS1*}P!4f,4"
Melita,password123,1999392329,xO2+U<Qzf{
Madelina,password123,7488326334,jS5/}Jnbyim
Shawnee,password123,1105591239,jV0$wEyxW}?!
Mellie,password123,0888654936,bT1/v.0neWv
Clarence,password123,3993443438,xO8@TqVKE
Sonni,password123,1233486012,nR3|z#!M7B{
Eldin,password123,0856223441,bS0!8j7oOGq
Berti,password123,0891196463,dH9|VnpV
Fair,password123,5128777464,iR2$5!NXj}X
Byron,password123,9600959307,yA7(6Kn!
Sara-ann,password123,3038112062,eD6(g~zqh\id
Arabele,password123,4222351245,"pJ6{""""v3A_{?P5K"
Harriette,password123,7434103256,xN5>jVBAEV
Essy,password123,2656440130,gT5{m_guDG/
Jackelyn,password123,7840444865,iA0@z3fy={J<8
Norry,password123,8096664999,"zN6+R,seAWx"
Julita,password123,8946573163,"mP2@2FaHCc~qBnw,"
Donavon,password123,9590722636,gD8/J}h\H9OKca
Darill,password123,1299864937,gP8.Ih1bh`}w6h
Caitlin,password123,7233262179,dF7_L7G_67*QA+UO
Miquela,password123,5841315420,eS0\$_(9c$lbzn6
Kathy,password123,7412533762,"yS6,$vWc,dM"
Leora,password123,2819692087,wW6}9=?&x$oSD#x
Sunshine,password123,5494184404,sD4|l<T}usYr#4zs
Koren,password123,9158379339,sP9(Xcqo
Stanislaw,password123,8618562491,qV7|4/Y8JuGy>!.
Gladys,password123,3242267621,zW0)r~KQk?NBWA{j
Elfrieda,password123,3215539527,bG0\M6d<2<$XK3&
Kelila,password123,9826026026,cY1'TM1EDk$sjB*O
Dall,password123,8079582416,"eD8}mfM2+?U2O""L"
Gerome,password123,5507291926,pU6%cG3cmwOHEq
Eddy,password123,6995402456,iY1<Cd|/<S
Josselyn,password123,0353925594,"bY3`lia?l,$JBj"
