MEMBER_NAME,MEMBER_LAST_NAME,MEMBER_EMAIL,MEMBER_INVALID_EMAILAIL
Frederigo,password123,fstarcks0@usgs.gov,Apt 857
Shana,password123,schamperlen1@wix.com,PO Box 94122
Isis,password123,iwycliffe2@booking.com,PO Box 45543
Tonie,password123,truvel3@cornell.edu,Room 998
Tanhya,password123,tjiroutek4@noaa.gov,Room 939
Lay,password123,llivesley5@mail.ru,Suite 6
Ingaberg,password123,irutter6@posterous.com,Room 165
Edwina,password123,egraveston7@etsy.com,Room 937
Elonore,password123,eizsak8@businesswire.com,Room 121
Lockwood,password123,lbiglin9@sciencedirect.com,PO Box 79208
Marisa,password123,mmcilwreatha@addthis.com,Suite 27
Lockwood,password123,lfedoronkob@mac.com,Apt 1866
Hill,password123,hmathewc@seesaa.net,Suite 10
Natty,password123,ndanseyd@51.la,PO Box 58576
Lonny,password123,labbitte@noaa.gov,PO Box 60708
Eal,password123,eholdinf@wisc.edu,Suite 98
Drusie,password123,dchippindaleg@tumblr.com,Suite 55
Minetta,password123,mshaeferh@admin.ch,Suite 58
Charlean,password123,coosthoutdevreei@miitbeian.gov.cn,Suite 22
Robinson,password123,rmowatj@dagondesign.com,Apt 1077
Pate,password123,pmaddysonk@yandex.ru,Apt 1974
Marleen,password123,mseabridgel@4shared.com,20th Floor
Laetitia,password123,lmccritchiem@ustream.tv,PO Box 70338
Dur,password123,dhovelln@mozilla.org,PO Box 11159
Efren,password123,ekennewello@netvibes.com,Apt 1817
Karry,password123,ksherrottp@devhub.com,PO Box 80050
Nolly,password123,nfarquharsonq@cdc.gov,Room 1926
Sidonia,password123,staggertr@vistaprint.com,Apt 1191
Caro,password123,ccullaghs@geocities.com,Room 1364
Desirae,password123,dmasdingt@instagram.com,15th Floor
Martguerita,password123,mlitsteru@chicagotribune.com,8th Floor
Kaitlynn,password123,kmcmeekanv@gmpg.org,Room 1909
Sancho,password123,sfloundersw@fotki.com,Room 1349
Odetta,password123,ocullingfordx@blinklist.com,Room 11
Atlante,password123,akryszkieciczy@istockphoto.com,Room 684
Laurel,password123,leunsonz@photobucket.com,Suite 9
Mortimer,password123,mstandall10@canalblog.com,Apt 1685
Davidson,password123,drandalston11@jalbum.net,Room 1378
Lynsey,password123,lwhopples12@usgs.gov,3rd Floor
Martie,password123,mreyna13@forbes.com,Room 111
Nathalie,password123,nkubasek14@europa.eu,Room 1321
Bobbi,password123,bshavel15@cnet.com,Apt 310
Lane,password123,lbaudi16@dailymail.co.uk,Apt 412
Giffer,password123,gjerdein17@skype.com,Apt 155
Sarah,password123,skernocke18@technorati.com,Apt 1467
Anatol,password123,adonnan19@yelp.com,PO Box 99340
Meredithe,password123,mluttger1a@engadget.com,Apt 1962
Karilynn,password123,kvayro1b@a8.net,PO Box 16078
Dominique,password123,dfacer1c@nasa.gov,Suite 1
Emmett,password123,efoley1d@upenn.edu,Suite 21
